State,2020-01_Zillow,2020-02_Zillow,2020-03_Zillow,2020-04_Zillow,2020-05_Zillow,2020-06_Zillow,2020-07_Zillow,2020-08_Zillow,2020-09_Zillow,2020-10_Zillow,2020-11_Zillow,2020-12_Zillow,2021-01_Zillow,2021-02_Zillow,2021-03_Zillow,2021-04_Zillow,2021-05_Zillow,2021-06_Zillow,2021-07_Zillow,2021-08_Zillow,2021-09_Zillow,2021-10_Zillow,2021-11_Zillow,2021-12_Zillow,2022-01_Zillow,2022-02_Zillow,2022-03_Zillow,2022-04_Zillow,2022-05_Zillow,2020-01_COVID,2020-02_COVID,2020-03_COVID,2020-04_COVID,2020-05_COVID,2020-06_COVID,2020-07_COVID,2020-08_COVID,2020-09_COVID,2020-10_COVID,2020-11_COVID,2020-12_COVID,2021-01_COVID,2021-02_COVID,2021-03_COVID
Alabama,163344.4979517636,164399.8434355513,165482.14838319362,166608.06316071557,167560.6588714998,168369.64232572794,169230.33953184824,170520.04690305196,172428.77278405157,174589.85676510877,176883.3020878431,178849.7190255445,180688.4020687996,182593.65791566987,184672.74263569363,186987.5242774569,189585.9220687088,192554.8270088324,195498.24646031292,197796.8518838672,199281.10574169425,200698.62693525403,202646.55180610888,204781.11601651748,207145.59578613224,209472.3978981512,211983.19617881623,214714.23476013023,217167.3320552644,0.0,0.0,2.0,285.0,517.0,231.0,1015.0,1053.0,1173.0,10734.0,1843.0,4190.0,5669.0,24110.0,1072.0
Alaska,314003.6264248558,314802.4102429583,315252.7446945083,315309.9853662742,314517.74591389013,313406.65357421985,312834.7188677581,313709.8072642832,315598.93524553813,317579.13418368244,319502.8884167069,321133.5339296571,322202.85620974185,322780.5866248891,323031.3960483323,323935.8232417004,325935.44294838497,328664.98300388054,332593.1784428539,336102.22349597275,339282.34701333835,341427.477776264,342892.4231280898,344578.04472526914,345879.9774798337,346900.700542654,348290.99044762825,350582.18163124955,353965.8431904078,0.0,0.0,65.0,1.0,3.0,11.0,68.0,75.0,94.0,31.0,144.0,121.0,168.0,72.0,258.0
Arizona,278456.0502563953,281175.7722277181,284261.78637285763,287052.609093292,288991.1959177607,290322.27188813494,291885.4823203471,294608.7423570448,298905.2222885656,303990.41256958834,309612.8260131988,315102.6166741917,320509.89582664863,326127.07609910466,332698.1885266078,340386.9986014199,349563.659240318,359651.8139323241,369702.0412829648,378539.0381456011,385884.4709957129,392409.7328335186,398624.4204194,404459.3315817263,410528.502923774,417431.83908779017,425958.81445873575,435538.0282674196,445037.72884732735,1.0,1.0,16.0,16.0,31.0,1885.0,2947.0,714.0,851.0,5375.0,3748.0,4517.0,6023.0,16539.0,47021.0
Arkansas,148877.15508315127,149440.7143161675,150229.43013206616,151368.6370439366,152318.00894059846,153083.48827196247,154007.61172985294,155367.85374535466,157263.4005003537,159116.42091256782,160909.21665607303,162292.0820779706,163636.31747897342,165096.90903896114,166850.63842512632,168797.8275619305,170981.5209449067,173530.09909054573,176151.64473837064,178409.46726054852,179918.98404019058,181331.53333953733,183044.66587542507,185069.8384768767,187345.2227600029,189465.01528708544,191400.81259666747,193321.26468180364,194969.9256835885,0.0,0.0,22.0,8.0,14.0,38.0,1689.0,405.0,515.0,777.0,260.0,685.0,877.0,1701.0,5793.0
California,548982.1260582964,551243.1014533754,553421.4450482788,555432.9075861332,555686.9549927231,554483.4320192644,554328.1230122921,557564.719057476,564750.0842270539,573976.5900534851,584720.3715075761,595436.9155157837,604335.7804700738,611949.5189578403,618846.9363784535,627876.5722547033,638689.0125598923,650297.9801880805,660790.4136823736,668049.6581782512,672972.0652700085,677366.517775188,683160.6963779697,690303.6064856438,700265.1966015236,713048.1115457165,728462.2516696253,742479.5382516921,753045.5170429191,1.0,1.0,149.0,4.0,38.0,14212.0,11483.0,446.0,543.0,8564.0,41957.0,1817.0,2809.0,22060.0,291492.0
Colorado,399131.3236293821,401657.4436341816,404564.9441187463,407332.30233388447,408652.84616867424,408847.37864039367,409009.03880857135,410748.2504091544,414526.9966980412,419571.6407581341,425327.7881716407,430962.847993639,436385.4851848598,442530.3476342823,449991.78481511446,458673.0464538469,468061.644602915,477281.2336972579,484974.90052807936,490275.21138846944,493575.5275522621,496967.29050702177,501547.0862983782,507101.74240124086,514600.6833564616,524226.29095433326,536192.2740601102,547970.4695057374,557557.5255580954,0.0,0.0,185.0,934.0,177.0,2682.0,1026.0,121.0,162.0,242.0,27679.0,4662.0,5133.0,1286.0,326.0
Connecticut,259389.7894230055,260623.52741949307,262335.07405693736,263988.0310267433,264914.4175553841,265072.08877282165,265126.81831805105,266352.39323399606,269117.9831363892,273188.0226235714,278118.8884198522,283250.9430121144,288098.45705871977,292775.1440208401,297330.1943100475,301830.9165515597,306519.1863978,311220.74774516706,314687.3979891128,316122.6313234784,315559.4855589599,314966.1806393089,315191.36777503235,316757.49189301394,320427.0763455707,325672.44564410305,331967.5670683057,337885.0667920177,343325.6732275389,0.0,0.0,1870.0,657.0,11323.0,610.0,693.0,801.0,997.0,1469.0,2613.0,5140.0,8200.0,9155.0,10705.0
Delaware,273866.7602174331,275211.37431488093,276641.86677422,277726.3153966603,277878.9820246661,277701.7356533854,278139.41457945283,279798.3197228157,282699.0158559138,286460.1781070374,291218.0994341813,296668.8302116224,302031.2460143086,307317.4093254072,311691.63008524047,315922.1822923208,320106.2755559822,324737.94952013047,328409.75597672304,330459.84676416434,330788.9934149428,331420.1325186849,333090.3569755716,335921.97889216593,340107.79365642456,345102.1229538041,350962.5136119034,356771.45883562247,361773.8869970704,0.0,0.0,34.0,25.0,51.0,38.0,219.0,285.0,491.0,91.0,111.0,136.0,182.0,194.0,14678.0
Florida,248142.68702797056,249951.2915885148,251540.29288793888,252506.8162337081,252773.3670987142,252907.024157105,253477.91906347865,255051.61355528675,257575.5890412979,260562.25448669144,264068.9124759995,267554.22843129886,271161.4727891697,274755.2996215032,278595.5975714097,282866.2134964559,288034.338566865,294361.442630908,300840.69949042244,306604.9170810787,311275.56592452014,315874.2300043157,321018.62864588393,326579.4318581393,333560.1665655749,341679.6366200557,351263.2169137338,361341.242680305,370999.9351378692,0.0,0.0,3.0,130.0,69.0,339.0,1300.0,4153.0,2127.0,2498.0,3381.0,12856.0,16706.0,7721.0,1750.0
Georgia,207374.30304645235,208924.60986849532,210393.9027617917,211558.5983264061,212128.65734930328,212496.44390580023,213223.4417622852,214893.9936793246,217565.05382773865,220856.14714512727,224544.5300811997,228213.5904026432,231888.94835211453,235716.15905475928,239728.63209938235,243921.4734486552,248445.90881153187,253349.8172409669,257800.6833677408,261315.1437966164,264065.37419685355,267280.6620251739,271365.7151514376,276045.1766655284,282041.66288110625,288703.4446892958,295665.42160531227,301937.3157849906,307275.1814753415,0.0,0.0,3.0,16.0,74.0,154.0,3052.0,308.0,813.0,1078.0,3775.0,1044.0,1389.0,1434.0,15134.0
Hawaii,620806.1859384332,623277.6000495021,625676.7767091965,627574.4268267499,627847.4315137967,626991.8503173894,626577.7635246735,628635.0677593221,633516.6208715757,639614.7943224359,646853.995019005,654185.2787939213,661071.4111357178,667865.4413196184,675065.6488401134,683903.7638004357,694359.8132049455,706153.1437435728,716457.0473924737,723198.0636697598,728126.866972542,734282.8387338271,742929.0666698255,752135.5086831165,767157.3822870078,787055.2455738108,811619.048836891,831568.3216807615,846978.6564383315,0.0,0.0,15.0,73.0,20.0,1.0,171.0,335.0,493.0,645.0,840.0,1370.0,2316.0,2829.0,2322.0
Idaho,289366.53964279057,292734.9704761047,296426.2460968135,300100.4682171759,303040.6505723097,305175.32619390154,307398.49410205084,310787.8359571088,316194.7903518552,323242.6201704115,331938.9017872472,341674.13864016667,352160.85092604096,363816.7253553257,376857.74893364776,390885.9979106441,405449.00387836347,418614.9642784245,429272.3832683096,436211.3229167704,440469.8624033112,443798.3155562864,447176.5914557404,450995.2543930943,455694.0118071772,461753.9267477405,469197.8767339131,477213.39285130776,483714.2502412244,0.0,0.0,4.0,16.0,38.0,5.0,29.0,43.0,134.0,1461.0,442.0,534.0,610.0,24695.0,2818.0
Illinois,194753.976536357,195906.29709343883,197033.239228375,197845.9733173519,197951.25675304767,197648.5626008565,197366.12691755156,197862.6449172299,199442.09316687493,201581.01955556133,204108.98331193256,206477.4530864372,208823.71944904805,211384.8050230476,213996.47697351468,216457.1959611032,218669.72752733505,220975.74693204605,222938.3703280404,224081.7963792812,224233.05501297105,224393.1342628192,225088.2003686501,226506.37163390015,228997.45418740748,232443.6368184297,236588.2386605402,240463.8827945526,243070.15861580463,2.0,3.0,11.0,14.0,18.0,74.0,378.0,2408.0,358.0,282.0,1112.0,2185.0,2879.0,16992.0,1666.0
Indiana,162522.12566092922,163698.32824649932,164976.56703102088,166206.16531146746,167096.68363423776,167628.63275360258,168135.01545778112,169029.87958997508,170669.16572302734,172822.5795970706,175526.6380869242,178159.41725407142,180588.797131693,183032.31636873333,185829.09946166156,188840.5759119439,191959.20519688027,195085.12037713625,197800.66812395607,199564.0868892992,200357.31075850732,201201.12580716357,202599.1745789631,204379.99360903815,207088.4650639124,210623.43344803163,214698.38958021687,218509.0215550697,221454.336602234,0.0,0.0,1.0,76.0,235.0,46.0,731.0,862.0,132.0,1425.0,2695.0,4472.0,1151.0,919.0,32586.0
Iowa,163879.48924355838,164179.38849296575,164531.39943315563,165088.37020186844,165659.33661464823,166148.47843690842,166854.0176773495,167827.01206110293,169540.63197599555,171398.54828859784,173197.3022692989,174436.85493286047,175374.7661637621,176447.4572162736,177780.76455003038,179501.85936406755,181480.16905624527,183617.85585906025,185528.16433854503,186720.56940450528,187306.0223213688,187908.2941632493,188894.5903773314,190166.90203183636,192076.3530262269,194377.5843008239,197185.7446043858,199955.446757367,202741.56176342897,0.0,0.0,5.0,9.0,7.0,45.0,117.0,140.0,275.0,368.0,873.0,1039.0,1150.0,1442.0,5168.0
Kansas,154984.09340102997,156116.69091562706,157422.22458252838,158692.15571201794,159421.8856520581,159872.49113604322,160684.98522739587,162051.04106064714,164037.55960764896,165858.51458763258,167677.27324603035,169158.67116830274,170586.3784253655,172127.52796522496,174077.3467214008,176389.1524296647,179048.32990626595,181771.1867299436,184091.6254669481,185642.92328545384,186423.9565481268,187094.05920834944,188148.58355482583,189528.48539321052,191821.0391737381,194531.96312984137,197722.4569613756,200695.59865008565,203405.03347001155,0.0,0.0,2.0,1.0,5.0,56.0,3.0,7.0,208.0,20.0,516.0,1239.0,621.0,966.0,347.0
Kentucky,144255.5021609715,145081.75805856267,145966.72315382908,146733.2476140144,147479.78365530146,148151.7428359719,149094.76812867264,150510.25339719167,152624.92089881637,154961.0235879093,157386.13433853767,159479.66427040473,161247.45838843458,162883.62600958467,164517.9247285918,166209.56965558138,168033.42370997425,170112.37579864392,171954.88290985322,173161.72537065388,173534.12845320042,174002.32584563954,174904.77806844935,176221.69929943013,178223.12410000907,180579.3588913709,183195.66386815187,185643.8345134677,187754.09846045336,0.0,0.0,1.0,16.0,2.0,10.0,70.0,57.0,126.0,1252.0,135.0,215.0,1244.0,936.0,6263.0
Louisiana,184121.02559284805,185409.07982596935,186394.43305422785,187179.98790098188,187436.9419040985,187340.3292281048,187177.57041156676,187855.0020875334,189631.64487363017,191456.66734252588,192773.5907521908,193297.34658204552,193654.0756121364,194379.06491938335,195289.385665088,196225.17544167195,197165.78736105785,198401.74139262675,199381.01504041132,199647.8563868189,199378.2384775512,199648.98109556152,200723.09372094492,202140.9279610232,203748.8387191665,205300.0147444267,207120.79215839447,208839.095536858,210261.6413228614,0.0,0.0,65.0,122.0,7584.0,235.0,2945.0,1867.0,1069.0,1964.0,2278.0,3135.0,3812.0,2881.0,4869.0
Maine,244068.2010326645,245692.2447429267,247873.16566044415,250135.2458425844,252046.06767429225,253642.93673639023,255542.9675845138,258631.65456240036,263152.0157527042,268452.64256445627,274135.37948529096,279689.5209981611,284843.4479377324,289830.80297611706,294629.0661997175,299891.53483547457,305907.3270463818,312814.1970239465,319263.2713623128,323259.48067877325,324743.0515530949,325062.2420694484,326411.8505003376,328595.4269526023,332732.21755786805,338509.44905002764,346000.3675802092,354089.3409669432,361457.0140886705,0.0,0.0,11.0,48.0,298.0,106.0,32.0,2191.0,62.0,353.0,248.0,550.0,779.0,902.0,920.0
Maryland,321278.08056576725,322992.909885846,324788.74976822647,326387.79289523856,327080.54626141145,327204.54015558684,327609.7829058789,329156.849375232,332197.8613475829,336052.0146495891,340436.798038716,344671.97979109787,348594.605520416,352868.87479508977,357581.8636788758,362690.5589483467,367669.7278975193,372074.1891032451,375150.4726102774,376600.053779382,376703.0575910204,377074.2538201634,378179.201833041,380180.6843564103,383137.3437470994,386794.7778080622,391327.1176113007,395860.1060425034,400085.3840434831,0.0,0.0,227.0,71.0,914.0,205.0,1834.0,3499.0,4096.0,3684.0,6103.0,8555.0,11372.0,12487.0,1849.0
Massachusetts,428778.0701063945,431176.71786091913,434177.5445556178,436797.2593960623,438365.1227765352,439070.6290509378,439882.8235398688,442374.5855526092,447150.2631476191,453504.99271041126,460897.4697601101,468295.4706053312,474985.830883091,481603.0872207265,488288.9197803216,495722.2930628764,503478.2492595184,510815.82472529256,515794.9923356797,517482.9359054157,516886.0208362,516494.23785360967,517406.4879138525,519487.3807050865,524630.6368801704,532755.0142827757,543685.3964561089,553898.7629823366,562647.9680718154,0.0,1.0,191.0,860.0,319.0,1538.0,10236.0,1586.0,716.0,89.0,273.0,483.0,775.0,862.0,56481.0
Michigan,173824.11755868935,175011.68001431212,176457.1824604371,177817.03655890157,178477.88066629894,178705.07589686583,178955.90370730337,179937.57691745376,182031.6478316965,184601.2552975984,187526.16686616943,190192.89567120516,192934.6206474605,195934.06691186092,199121.6292250099,202395.94382777123,205750.2758933031,209224.68767779725,211838.4911939701,212970.99291339595,212776.014541418,212506.05817346493,212848.3418615688,213706.46236278352,215874.33020966,219218.17678423933,223437.64341272748,227522.2265512788,230621.41841439472,0.0,0.0,2.0,143.0,21.0,123.0,129.0,2554.0,2864.0,145.0,373.0,492.0,554.0,605.0,15334.0
Minnesota,258284.07058080577,260062.2285976934,262006.9912072209,263744.4016035658,264644.10216524283,264859.40389271674,264882.38066900126,265698.0104382642,267819.5615767242,270916.5470704203,274534.6123596166,278105.34564216126,281386.4214116755,284720.7592428037,288045.5187426386,291747.5336304679,295925.3648139744,300483.42308836617,304457.6663427486,306658.960198601,307197.3437008722,307261.95637204935,308074.58388732857,309527.84310037387,312271.4463305727,315840.7913409785,320309.5298669774,324838.39166566473,328748.5822117407,0.0,0.0,53.0,162.0,462.0,20.0,770.0,2036.0,2544.0,227.0,663.0,905.0,1016.0,1332.0,4873.0
Mississippi,140918.29388401596,141207.3960208439,141884.8473641124,142823.00425976457,143569.8735079168,143840.626845435,144605.03652403687,145929.15777743838,147877.8541869199,149363.88661150113,150568.12228057862,151406.31725226648,152457.94507941464,153772.55416495088,155335.636882378,157137.44479513107,159114.79725318518,161295.96632353644,163511.080960868,165447.2560607927,166812.34308924782,168278.65576857663,170369.6419935214,172606.72461027055,174410.0542687601,175307.09965852686,176065.50273530497,176890.60049763057,177841.16865338385,0.0,0.0,3.0,102.0,263.0,204.0,367.0,275.0,834.0,839.0,1108.0,675.0,2008.0,2065.0,2132.0
Missouri,168887.11677245947,169989.3094297434,171225.39117836885,172338.98552982186,173079.86221279285,173485.71035343988,174239.4321615518,175670.54382980082,178095.59612303614,180842.6825271271,183779.254544914,186290.99600014288,188461.86482314343,190721.1933204912,193414.17994358044,196622.20348428172,200012.2713613887,203285.43683692697,205657.7968331359,206872.44443117944,207131.48922529843,207627.1111632907,208842.7617485115,210670.3609279289,213457.6482209773,217023.3560227024,221234.98743720012,225250.07858971707,228508.1897321002,0.0,0.0,1.0,35.0,4.0,25.0,18.0,1381.0,369.0,604.0,1198.0,1764.0,2143.0,2302.0,4787.0
Montana,280981.16708848247,283135.63291084976,285906.9833205632,288441.4278721874,290014.61047507136,290649.3237652657,291535.0323858624,293776.5941025019,297836.4267159341,302779.9622053881,308822.15298036084,315354.6450830279,322066.0787423298,329144.72211081354,336977.9826326168,345864.21632392704,355904.52487715567,365985.9982054103,375051.2495878239,382349.7677399894,387855.9347803631,392979.81402597233,398246.3299723318,404042.23710774834,411447.0207564288,419536.70088892354,429206.6849375628,439418.7037274611,448944.3950356214,0.0,0.0,31.0,29.0,17.0,3.0,312.0,87.0,6.0,111.0,274.0,371.0,442.0,489.0,490.0
Nebraska,182784.5437156891,183735.33344183184,184683.6799953069,185597.47289502845,186268.67488047984,186863.31790215205,187779.9035559447,189342.7053384324,191657.15519094432,194127.35173463743,196645.3580908777,198869.5841038325,201088.7975454848,203490.8385639789,206217.39115185643,209261.89131301077,212515.42492996188,215701.29380455587,218002.5020135768,218923.45877942807,218560.9799356768,218229.59172789997,218665.55511836024,219881.82535007576,222353.00973218784,225862.27607241765,230315.62902911825,234667.2683756936,238231.4690662726,0.0,13.0,1.0,12.0,617.0,1.0,47.0,57.0,43.0,964.0,1315.0,1442.0,1525.0,1548.0,1553.0
Nevada,304801.02428018703,306508.79995664785,308406.61247528065,309738.3930468447,310081.3132990432,309862.91508706263,309910.3986692748,311111.1757354739,313331.4443189829,316180.2950092862,319813.7175206299,323891.91520301346,328055.9344633278,332470.5120725163,337605.3409695811,343640.9016031906,350889.786347122,359159.60790890147,367696.4486031106,375259.34308891394,381421.4260989151,386850.4400146132,392481.9088803365,398017.0855957653,404812.1894445701,412896.793588435,422834.8910199556,432994.6966612086,442157.2708394218,0.0,0.0,5.0,3.0,7.0,114.0,13.0,25.0,65.0,122.0,340.0,377.0,461.0,549.0,549.0
New Hampshire,289945.5707298387,291643.43950984936,293764.5797331265,295798.29787748493,297438.3651056186,298665.2165412181,300074.8558789609,302703.497456735,307127.436240447,312727.54157859884,318903.3844001496,324978.191565609,330782.4172196712,336861.40116149123,343139.49686430814,350200.7691639781,357605.5357574913,364906.799825666,370423.7464870344,372620.1621367005,372031.3485930174,370857.22921931633,371223.49235090736,373193.41742720624,378477.0601704768,386560.40670718026,397145.5961365807,407628.0663846708,416389.0322643562,0.0,0.0,27.0,40.0,6.0,1474.0,1.0,2.0,562.0,26.0,231.0,430.0,1109.0,1340.0,1362.0
New Jersey,353406.14304168103,355448.4949347692,358013.0172299066,360492.65855521866,362329.8911366149,363033.8991893677,363083.1511378155,364055.9427432384,367029.4117811399,371637.0836787976,377309.2191377466,383329.5646277135,388940.2667123638,394642.25007285806,399910.5319272576,405294.7422234546,410580.0075610143,415812.5220445573,420483.0412814543,423596.8999083312,425372.7327500922,426915.8514594,429298.2395214549,432297.9374036085,436207.1995385037,440821.5262760168,446702.7684884468,452787.0305259738,458953.5647999483,0.0,0.0,268.0,903.0,8219.0,1229.0,10482.0,1267.0,4677.0,1669.0,31850.0,44104.0,61391.0,69277.0,71635.0
New Mexico,201517.5414053916,202709.04337666463,203924.7146937328,205184.23547505555,206331.2995121842,207460.6771605628,208966.945163026,211106.69117370565,213957.25371307088,217074.91229830045,220147.63994966715,222952.62261891877,225694.19244172305,228888.67006468587,232319.3381431288,235929.6013888369,239507.6247574076,243131.2657884003,246326.79804922684,248821.0088612481,250398.8244924025,251765.38633615183,253561.05436423616,255884.85319232105,259236.5003162372,263610.65636898536,268921.90694986534,274041.9386403544,278207.9466242167,0.0,0.0,4.0,42.0,75.0,728.0,379.0,115.0,47.0,49.0,344.0,532.0,669.0,698.0,1557.0
New York,351551.0571640061,353300.4154822466,354910.53544432746,356247.8919375684,357411.42598108016,358040.4235595213,358218.57127558737,358627.0444216831,360685.973730665,364060.7702733427,368520.7950165458,373440.4087966951,378097.4090955502,382957.0691683441,387497.8748734647,391716.8266337646,395934.5070154008,399884.7288572997,403374.689286976,405502.34993448784,406554.1903240524,408073.7427149636,410358.2352059468,413058.5753119574,416239.5598222833,420095.9600528791,425242.881932561,430509.14856494224,435315.7310788053,0.0,0.0,3.0,15.0,33480.0,46.0,187.0,44820.0,327.0,1058.0,850.0,2084.0,1396.0,1610.0,5726.0
North Carolina,209899.6728652632,211204.75973863472,212662.5702366137,214065.93202530136,214993.58075937972,215676.29715060125,216698.8533352726,218648.14077940665,221582.7512453272,225056.7823772144,228789.9432664043,232489.1926546796,236002.97851201583,239623.7974060408,243324.08640795012,247342.18992537077,251861.66152311835,256957.42715482265,261692.57592689493,265186.94166617765,267480.7066790964,269654.5517515854,272470.0748472404,275630.6068179743,280180.72345191566,285730.8941004435,292413.69554813387,299213.68037343345,305549.3312945505,0.0,0.0,9.0,13.0,34.0,371.0,262.0,3209.0,3977.0,5376.0,7208.0,10397.0,13788.0,15690.0,16003.0
North Dakota,223744.81237347084,223975.9166314116,224236.28332392423,224923.99337089423,225380.41150079653,225660.06811611005,225963.03046879056,226727.602087753,228369.38281765836,229561.98093481653,230532.944624947,230808.15201179223,231231.96957726125,231777.7138348444,232241.56727416057,233137.95090189893,234696.0360448147,236942.73086184252,239082.15059414867,240513.1625190948,241046.61152930887,241515.99504677672,242290.14530806165,243647.9403248243,245722.87060000584,247564.20272997275,249454.73851655345,251509.66698105432,253734.1267484985,0.0,0.0,31.0,10.0,2.0,5.0,262.0,165.0,76.0,90.0,883.0,1029.0,320.0,321.0,266.0
Ohio,156328.35134643767,157353.2027566968,158463.83297596537,159471.2057652286,160115.97492278274,160566.77242197198,161220.44408638446,162567.51590020495,164708.0912645031,167332.8822725556,170221.8861204193,172932.47406689983,175309.30529056225,177545.76776631456,179847.0969519648,182323.41033646185,184922.71947777265,187594.9398919902,189475.16107535543,190115.80759568865,189664.62807252505,189391.15679398607,189774.27695645043,190625.00266604568,192692.77326162253,195707.7862071196,199373.18420268144,202790.71614969397,205574.54609432715,0.0,0.0,4.0,22.0,39.0,76.0,313.0,216.0,342.0,574.0,1102.0,692.0,913.0,2439.0,2482.0
Oklahoma,141676.37044467387,142931.98372245455,143836.98049010607,144325.2774247556,144463.5742687173,144617.5376935314,145055.7608185228,146139.28611938073,147870.97458006808,149839.1574646939,152134.63021049605,154386.92111349216,156505.75283539834,158442.59150079577,160326.29802481495,162182.21399742257,164111.65663844245,166224.9621452291,168026.05973871498,169424.71697483715,170289.83551770088,171648.48896589663,173398.5548789101,175436.89693443206,177970.1693926075,180758.51334907545,183788.04563699596,186389.7354846156,188564.99785084848,0.0,0.0,1.0,15.0,26.0,49.0,171.0,1025.0,1309.0,1386.0,1642.0,2565.0,1687.0,1862.0,3646.0
Oregon,366431.2897904981,369281.98438862985,372279.5876090734,374615.1612270184,375639.7735295666,375703.28065129416,375927.8074722196,377947.4367551101,382066.695358586,387684.92199666816,394371.05029039626,401305.5386389739,408131.4462677022,415338.809487465,423055.9524876002,431155.6653426431,439085.54719620384,446273.6584010262,452511.18318086927,456980.5022631649,460241.0451471138,463170.6039490393,466615.0824830292,470470.7894218311,475651.7452548386,482361.6728245504,490658.9214402477,499007.71950566606,506073.2201879876,0.0,1.0,12.0,6.0,6.0,119.0,2740.0,419.0,63.0,60.0,233.0,448.0,1086.0,1491.0,1599.0
Pennsylvania,193629.11921158223,194820.3478099368,196098.6983541951,197500.51848500688,198350.90915777275,198702.50095346052,199008.3543933654,200031.7943535305,202209.16974140183,204944.1636981814,208216.57436412084,211297.0417429428,214133.19464500967,216901.6520747977,219783.3750369835,222738.68968894787,225706.9677961976,228818.869473847,231076.292528652,231953.10522728608,231192.33019943823,230585.40813704635,230693.7294338996,231668.2009523368,234027.53056382644,237488.6552195652,241819.47474169484,245744.7945571101,248777.22738660115,0.0,0.0,33.0,24.0,12.0,15.0,1563.0,2085.0,7993.0,9877.0,5214.0,8812.0,1693.0,1817.0,1841.0
Rhode Island,301472.51059545664,303907.23648255505,306618.29197157425,308914.89117447025,309933.1446963165,310032.4652232432,310133.4721746478,311714.1579334656,315072.2091348044,319737.8363730055,325300.1491501339,331175.1094854434,336661.2497723636,342388.8389926069,348341.8610715396,354892.00938049244,361509.9665816715,367720.3822342817,372167.3774527269,374326.6356594004,374661.4459691481,374743.613048882,375641.7827211079,377368.2394442411,381344.3295977773,387389.31504810817,395312.0401063412,403086.6425106364,409966.6751027445,0.0,0.0,19.0,330.0,224.0,532.0,380.0,349.0,414.0,558.0,1244.0,2403.0,3715.0,4172.0,4247.0
South Carolina,194641.9092075677,195683.0914074788,196785.7971529569,197796.79548267752,198669.2358940818,199428.46688624483,200434.6539317217,201997.1033288,204333.30887309075,207047.47491763392,209980.9158885822,212740.5704534125,215320.83239118653,217970.584295178,220710.56404978447,223584.13747032188,226932.58116117504,230858.05697217933,234817.6141056752,237937.33030508377,240205.611762416,242527.5393292392,245438.1862129772,248693.37133627688,252781.5491785488,257462.11497530437,262777.46809589904,268198.18114556564,273341.46939703106,0.0,0.0,37.0,63.0,171.0,1204.0,320.0,12137.0,14550.0,1682.0,2115.0,2822.0,5503.0,915.0,6303.0
South Dakota,214364.9167946404,215209.30663591932,216228.1551765036,217447.59120614067,218526.83193979927,219276.3601079612,220272.1983993887,221761.82129358663,224214.10525931045,226805.3874894332,229689.0311434516,232182.0065312268,234492.94529208227,237016.31564047045,239752.52455727253,243008.6401182767,246921.02656645447,251309.42807762785,255647.2831168475,258812.3998561759,260733.1410277714,262305.15860703844,264525.2824385722,267627.79802243825,271881.00828507147,276589.50917493453,281897.22307044786,287137.6154904302,291898.83282425656,0.0,0.0,1.0,1.0,19.0,1.0,8.0,225.0,1408.0,3097.0,5424.0,6780.0,2751.0,2823.0,2834.0
Tennessee,206476.06960799705,208069.6826668315,209617.45394399491,210922.1819556396,211849.1874218536,212553.6264443982,213323.4928998426,214753.33906550857,217169.9770844729,220100.7260506363,223298.7907535246,226207.8656282764,229120.3135769127,232256.01806004572,235584.8659838848,239208.6328880488,243352.06014856548,248465.6717870417,253605.52892667227,257596.34644133935,260280.12791409265,262877.5085492906,266483.2228206532,270772.8285284866,276090.6261269216,282134.5874640874,288223.2488791888,294115.2765567694,298963.74359110085,0.0,0.0,5.0,5.0,18.0,108.0,181.0,710.0,1199.0,1745.0,2860.0,4464.0,3283.0,3479.0,3493.0
Texas,215225.6593429824,216343.38148724684,217433.4547275789,218219.2908353157,218499.89113489352,218667.8415619024,219324.37611583885,220750.5600098509,222903.4957889077,225333.32256093516,228104.45821515637,230789.3039717109,233607.86457240683,236610.11772730012,240009.30598588265,243781.6159039388,248098.64260347004,252717.6005980808,256955.080615372,260185.24090499736,262546.5652527779,264996.0227467921,268167.3985062083,271812.8010914076,276608.8426731448,281972.8743884558,288038.3214522757,293923.17730202625,299332.30860762874,0.0,11.0,1.0,595.0,5.0,20.0,119.0,633.0,343.0,581.0,1122.0,1803.0,1029.0,1746.0,1766.0
Utah,349733.7040579217,352920.9429929615,356298.3368646107,359465.667453154,361359.6703812808,362396.95088833215,363652.82871212513,366609.7865815703,371607.8548986384,378039.07454504777,385384.5908089066,392858.6831501408,400357.062905322,408542.4841717468,417624.5715318909,427805.8151539134,439112.9986828584,450562.6733246198,461020.7128826102,469124.9679937062,475165.41889165953,480116.2125782122,484934.4681227717,490239.0628164104,497741.02195897046,507592.5940867783,519693.170473995,531708.1739895288,541523.6623082532,0.0,1.0,7.0,4.0,29.0,941.0,2536.0,3280.0,4311.0,308.0,1054.0,1406.0,1756.0,26557.0,26853.0
Vermont,268914.08114785573,270074.7997371303,271050.35977442394,272061.1157743812,272935.4550186792,273550.65682563203,274471.76225219085,276565.2452195418,280417.4767754826,284508.2106273257,288341.058289819,292073.07408266305,296027.4434952628,300430.8435428695,304217.20789703843,308006.7090038569,313025.3011572252,319524.4413212038,327001.2605907142,331774.5725670493,333985.51970181265,334248.2093248084,335596.7654199791,337808.5282346343,341956.597681293,346884.4224892813,352668.7424600222,358802.993657098,364473.3805290088,0.0,0.0,13.0,40.0,81.0,58.0,117.0,797.0,34.0,1001.0,213.0,501.0,1081.0,751.0,811.0
Virginia,278908.2893761586,280507.1274870872,281999.78603087284,283251.33349889395,283917.46268637414,284342.1986515601,285120.8043669911,287004.75690679654,290109.0752871724,293961.8819791815,298124.9567112099,302099.19746116933,305735.315130037,309345.57342964684,313012.3307011369,316941.78435801977,321121.58087319444,325241.59021831903,328349.66746637365,329990.93363201624,330347.64959893865,330815.54499155795,332146.9596755647,334504.1777348439,338307.2420610012,342685.7201946673,347661.96974973875,352460.34668546374,356874.92767834367,0.0,0.0,2.0,46.0,74.0,64.0,170.0,461.0,553.0,619.0,1079.0,2335.0,2958.0,1067.0,1088.0
Washington,409533.5172017727,413322.11066165176,417557.19865650864,421779.0767526152,424461.4475609064,425886.66317970975,427100.1231753731,430283.418124218,436011.4101607367,443274.0080201929,451428.9775579092,459238.14288944256,466819.9224955188,475033.8032036137,484181.8552383757,494584.8546709032,505211.42443297285,515179.7953503232,523278.0106528096,528217.137854842,531063.6831182755,533093.0727228184,536174.5944834744,540593.4006332675,548654.0045642308,559988.4552451568,574271.2380362573,587903.831552378,598248.153048071,1.0,4.0,231.0,17.0,172.0,38.0,15216.0,70.0,2090.0,271.0,15331.0,11692.0,14315.0,27643.0,28041.0
West Virginia,119170.7588177109,119650.18221785485,120485.4577131852,121568.5277253909,122317.54203661485,122625.31309245166,122893.80821398956,123622.49512162268,125064.95519061938,126995.65927600978,129290.45753752223,131494.0235418783,133645.21973702862,135677.9952260326,137768.9216553364,139512.09086074788,141007.63950754312,142554.3676416613,143300.85593914613,143171.59252266653,142015.27964295298,141665.75104674068,142204.67651361195,143213.76589284552,145208.43889004414,147433.72700263243,149933.2676175211,151815.85446398225,153252.71109660243,0.0,0.0,2.0,42.0,229.0,56.0,54.0,122.0,150.0,108.0,338.0,1837.0,2485.0,1530.0,1549.0
Wisconsin,210896.52991424117,212008.47606721183,213267.86808090296,214572.62145964327,215621.83771659376,216328.0583820947,217018.61251875735,218502.3220007991,221206.78621062683,224573.8580504177,227878.5316201184,230705.82095695965,233053.99364394412,235341.41814873012,237537.59995087885,240254.78669431029,243966.08121012663,248345.8511756236,252244.220171875,254228.2019074465,254597.1155564032,254370.3127044804,254784.0406423826,255868.42430305012,258013.57233953927,260820.00051835613,264208.0552221191,268261.1123460218,272199.3751075916,0.0,1.0,1.0,4.0,4.0,19.0,216.0,104.0,205.0,1147.0,4562.0,1776.0,1967.0,7996.0,8074.0
Wyoming,261155.98770541136,262116.1686457437,263018.4900755469,264302.72283435194,265437.0169347366,266315.0225206676,267255.3345820491,268775.1921051433,271008.2658461807,273434.2962343602,276217.0160359847,278776.9415451977,281227.941922918,283653.0568486165,286441.3329876147,289499.1371145269,292365.9761169196,294840.9989694454,297066.9808233329,299077.03655730205,300836.4945734789,302945.6415898244,305584.2186038128,308501.11716974195,311903.34398926684,315101.207422935,318872.2993732069,322349.1146766707,325755.3506123523,0.0,0.0,3.0,7.0,25.0,34.0,47.0,19.0,575.0,1520.0,397.0,3469.0,3779.0,622.0,3917.0
